GSPC;DJI
0,10384739;-4,526575005
-0,629222635;5,304203
0,202879873;-1,184666874
-0,070586831;-0,777579932
0,174941392;-3,789098513
0,61308027;-5,397576291
0,465236854;-6,878052855
0,062840248;5,625385069
-0,108339564;-1,431246237
-0,316421981;2,400738747
0,27022232;-4,260680674
-0,548094492;3,471115212
0,334664864;-4,099215499
0,827647824;-4,474325635
-1,152284654;12,59262216
-0,139771747;-0,830126771
-0,128660953;2,809803181
0,556644006;-4,398498138
0,638218745;-5,077277809
0,515039297;-1,08602712
0,150395834;-2,280856829
-0,115613364;4,532506438
0,050870567;0,918649933
0,120501084;-3,1723665
-0,136902148;1,13132895
-0,729143454;6,105299296
-0,345577089;4,467415449
0,737971654;-11,60944595
0,742595359;-1,094282202
0,084799723;-0,122552809
-0,106122011;-2,001102202
0,265121959;2,147099105
-0,159449652;-0,416143222
-0,104698279;-0,221024207
-0,375909775;3,829288241
-0,144395147;5,222653858
-3,553171924;49,57602733
0,535642636;-17,20294688
-0,278686416;2,53620613
-1,165732026;16,21766291
-0,964126807;5,311230006
1,518572224;-20,72208982
-0,265737258;-4,640957466
0,691228934;-6,461109122
0,048833372;-1,434219893
0,248764036;-0,737007013
-2,076763436;25,8977648
0,64798219;-4,884461035
0,348792127;-5,010949301
-0,402471404;2,14270657
1,064651102;-14,0694701
0,61244229;-9,507804709
1,674758502;-8,513743775
-0,053754148;5,868671639
0,090473297;0,129806246
0,077837634;1,583860485
-0,639261905;2,377764669
-0,818674333;10,52613397
0,354369021;1,037673702
-0,136374371;-3,383027238
0,24046388;-0,778956385
0,904824885;-7,674068627
0,09231399;-1,672730661
0,285625578;-0,100310528
0,039949153;-0,707349797
0,242416808;-3,588259695
-0,678358367;6,167518831
0,599805845;-5,980711792
0,32928729;-4,120066636
1,040948412;-1,844489195
0,19539544;1,301966004
0,050389468;2,255475797
-0,139183241;0,93679258
0,902902883;-3,8448033
-0,249570299;7,705098849
-0,05402643;0,586869412
0,989897543;0,658880212
-0,097178298;-3,255803584
-0,03095636;-2,719052558
-0,805080703;13,26812686
0,245862975;-5,14668053
0,626253003;-3,259333884
0,412669338;0,051670099
0,195852833;-1,409390796
0,237137879;1,817202086
-0,135570912;0,430482701
0,302915785;-2,554593076
-1,424364008;5,414653917
0,940625711;-4,92215375
-0,198364316;7,485277629
-0,149389297;0,332773011
0,840048488;-3,73292078
-0,110750284;0,049293363
0,639966578;-5,736240696
0,135299678;4,120122441
-0,083183333;-1,845744428
-0,139701944;1,344089376
-0,993899873;6,126526732
0,524880974;-5,423584314
0,13799139;1,389486879
0,776284917;-5,337079646
0,006578255;1,675442224
0,354100502;-2,115421772
0,165784147;3,888289088
-0,555047485;2,501384008
-0,909231749;8,682498186
-1,791501986;13,71431901
1,111717823;-13,96577786
0,077219581;-0,904623603
-1,092823605;12,48356292
1,488103747;-12,39719992
0,461568383;-7,712711096
0,631649679;2,150822002
-0,140316382;-3,826380669
0,154021975;-4,36498531
-1,388348658;13,22132479
0,597233362;-3,210618295
-1,316874772;10,26468903
-0,340211917;5,532231825
-0,34325083;12,59748792
0,877993778;-19,61065243
-0,060738152;0,039617488
-0,175764499;4,319650369
1,045030634;-5,274140501
0,338479875;-3,191244754
0,01584708;3,659874049
0,31094923;-5,058928776
0,073184399;2,920573401
-1,447608351;14,72849891
0,551604604;-5,46310598
1,868664881;-6,863956326
0,290755012;-2,566434588
-0,21103748;2,838161821
-0,028588342;0,231492846
-0,225651813;2,314904491
0,427003551;-4,956908823
-1,248521192;10,6753193
0,466840994;-0,854153779
-2,019221975;9,824831431
0,446570364;-2,480532977
-2,380420699;13,59047316
-1,630988791;15,2800459
1,001273287;-14,70469586
-1,29163509;11,92908211
0,702750836;0,61097676
0,416075798;-10,95118704
-2,713484645;17,00638129
2,367502149;-9,262080944
0,595141623;-6,228998853
1,378469416;-0,536254056
-3,028712486;21,04175062
0,018940741;6,622450534
-0,06844695;-6,332654244
-1,851245401;4,067983808
-1,419451676;10,23273145
0,305446301;0,495573087
2,408050748;-2,787178204
-0,045874085;-13,04025522
0,089640664;-4,213035069
1,145576233;-9,837359834
-0,126195003;-1,211310828
1,127995954;-8,798267867
-0,872901031;9,189864781
-2,394200153;14,60758184
2,149599295;-9,971081556
-0,437883313;5,091975816
1,096524446;-6,963952919
1,022475084;-2,624544426
-1,175683214;7,580256932
0,405381424;-2,454356019
-1,724209551;8,901918413
-0,146268256;4,266145656
1,335117792;-8,044239484
-0,014144184;-1,259095086
0,819525733;-0,829258852
0,00131173;0,61937132
-0,53226277;6,047150425
2,860052329;-26,35563521
0,587890133;-1,609724519
-0,693499671;2,050419889
0,44094059;-7,379148512
-0,545936651;1,903901698
-0,05317466;-4,081148123
0,520765619;-5,380717393
0,371042368;-3,663612853
-0,321705824;5,691088094
1,301310141;-0,917616364
-0,045413777;3,553938535
-0,475130693;1,637923835
0,19196683;-1,958207719
0,93258228;-8,686464235
-0,341075658;3,175979733
0,7874588;-8,009922692
-0,190285593;3,330236475
-0,536086803;12,42448781
0,45539009;-6,309252057
-0,860579089;8,200540775
-0,678392565;3,897318025
0,157078836;-7,704869271
-0,094200462;-0,240741489
-2,613836973;21,57352629
0,360211797;-5,945765303
0,857528115;-5,876596385
-0,263346598;1,868042891
-0,116585338;1,738461362
1,350439852;-7,934600457
0,351671254;1,547696051
-0,667343011;5,839158802
1,173160269;-12,87066665
-2,696794747;22,494455
0,061282824;-0,890180605
-0,515615156;5,471131025
1,178814673;-12,82118037
-2,999878518;21,3596294
-0,076523651;-1,27833096
-1,457912068;8,542502779
-1,022751071;8,67346039
2,848872587;-25,49219165
-0,728353633;7,332684404
-1,348954723;7,83112887
0,502762204;-9,630635355
-1,780354003;1,994732817
0,428710512;-4,466438468
-1,624413605;7,558155153
1,656036724;-4,715790575
-2,370202465;12,09570839
1,463073659;-9,562685726
2,797056561;-8,64290309
0,028730288;-0,607125984
0,755112651;-4,722448787
-0,609379452;3,159680879
-0,675079628;0,734744
1,488685681;-5,466510042
1,473591404;-7,247951999
-0,196856222;-0,55093964
0,729283584;-0,553727834
-2,578493012;12,85111577
0,584282099;-4,888938463
0,103451685;0,374980771
-1,403068108;3,073906211
-1,532391307;5,207660085
0,6071101;-8,00184348
-0,155081492;-4,357556549
0,469917768;-5,231797907
1,634336436;-10,84195232
0,78555018;0,676630775
0,06192506;0,29730818
-1,457432135;8,20187705
0,131358165;2,316817108
-0,706422682;8,120357351
-1,473214132;2,909549633
-0,018905843;-3,003510537
-2,504702845;6,223244303
0,302901692;-0,653290845
-1,871181639;6,641668018
1,334305179;-5,313569902
0,772765334;-2,841840868
-1,387770939;0,951273958
1,062291788;-3,374143236
-2,542995915;1,87841834
-0,581694415;4,334692328
-2,971323485;15,44889416
-0,625282807;-4,62656817
-1,133611551;13,15807915
2,102647154;-6,657201856
0,98233793;-4,391640703
-1,618829749;4,548674644
1,720707229;-4,598181224
0,595182217;-1,694487152
-0,496443697;1,067361658
1,644409402;-5,302826815
1,197416065;-8,712016518
-1,07070487;7,85774991
-3,270753138;8,278003107
-0,784190821;2,527383174
0,76657842;-4,652098393
-0,440163857;1,232673014
0,568266841;-1,499334945
0,70505686;-4,735433212
1,332329991;-5,689227873
-1,370141678;2,593412918
0,064833903;-2,081791762
-0,108573438;2,227861223
0,811721956;-4,786605077
-1,313992296;2,883371621
0,766066206;-4,336124533
1,352908776;-4,400044463
0,670503314;-5,055865333
-0,11089255;3,519017314
-0,917115155;3,610436947
-2,765245357;12,01292884
0,034435181;-1,009236782
-0,364264399;-2,959330609
0,503559675;-3,696354844
-2,244891669;11,30085235
-0,863498687;-0,242773002
-1,577334423;6,624430163
3,626807396;-10,8713922
-0,922533612;3,185668001
0,492476428;0,232087798
-2,119133219;13,23673167
-0,918811246;3,382522577
4,13458375;-22,34686539
-2,477605484;14,56153838
2,347322783;-11,44344577
1,501618406;-3,425275714
0,211218904;-0,06362987
-0,899346331;1,365234367
-1,171571689;-0,794583897
-0,817101591;-0,683798151
0,548207661;-0,414457602
3,507803405;-12,17469933
-0,212500179;3,228624076
0,111173386;-0,968160822
0,060662069;-3,354005137
0,137132232;-0,158477399
-0,530214136;-0,292725753
-0,831404946;1,967776655
0,427501501;-3,731357638
-2,077365604;6,491631872
-0,357858137;1,498123043
0,440027119;-4,489009491
2,224858999;-10,42432551
0,043366241;-0,807153331
1,778739484;-1,209962226
-0,174379115;1,796616327
-0,903833207;1,764034996
0,270666292;-2,991180308
0,623255605;-1,016829904
0,628467843;-2,395603363
-0,124121354;0,230148715
-0,40853319;2,984505951
-0,404277642;2,656377265
1,680640997;-9,661657512
0,304131658;-3,80285519
-0,473294992;3,859230042
0,743374766;-3,743861614
-1,846891155;7,992194831
0,347377731;-1,711478687
-0,693722452;0,026779821
1,077143404;-8,739937219
-0,057380379;1,037593825
0,380852477;-1,820536677
1,033978269;-8,038468161
0,106055916;1,012790411
0,070858397;3,201339003
-0,950591534;3,271295295
-1,637284463;5,561437658
0,242490116;-2,972570526
-1,348749271;7,9582073
0,663383417;0,434548383
0,376600031;-2,96993653
0,513169849;-5,024456295
0,132595986;-1,748449059
-1,074888143;10,60659778
-0,599370091;2,021736899
-0,051580799;2,704456131
1,911947707;-11,04273406
-3,156539636;23,45296525
0,060431518;-1,909976218
-0,263010741;0,234421795
-1,722773933;3,950404251
0,308527395;-3,354886019
1,474513062;-9,504353287
-0,010819143;-1,305292486
-0,698342095;0,83075573
-0,994834983;5,095115218
0,355624332;-3,037304245
-1,890598805;5,781155903
-0,013598722;-1,035537549
-0,300786897;-1,001232442
0,563734238;-5,903401741
-2,999407379;12,37184359
-0,391341416;-2,093642745
0,107736424;2,127682534
0,363956708;-1,285278357
-1,856040291;9,140422365
0,090426527;-4,522548783
-0,860984813;3,931458684
1,674706073;-10,78517887
-2,322861505;8,579144922
0,677637849;1,392035462
-1,134095425;7,137311911
-0,92579156;3,513225147
-1,115016993;0,185702764
2,456554631;-12,86863338
1,175192299;-0,383963415
0,00966282;-3,938832282
-0,072863823;-4,271676181
1,321279765;-8,485591879
0,386687195;0,587152611
-2,358504513;9,502007529
0,396978985;-2,311804381
-1,896071303;5,577050546
2,289837232;-9,543386152
1,634548117;-3,818001768
-1,341996181;7,816190096
-0,578307056;-1,650809736
-0,919558217;3,970567494
2,812502871;-10,56553984
0,315967732;-4,424781486
-1,828555505;4,422572141
2,342280914;-2,36879747
0,672968227;-2,673260166
-1,231292647;5,062315731
-0,310898045;1,75431521
0,531755398;-5,803391243
0,387859102;-3,832828642
-1,540199972;6,881343297
-0,954761664;1,39505756
0,5989149;-4,150043163
0,230279869;-3,007081673
1,107987887;-5,255047165
-2,000962869;10,84566742
0,349053604;-2,340336788
0,776190237;-3,652480283
1,454204847;-1,708896183
-1,400776398;6,064952312
-0,428997003;6,262495226
-0,222621091;-2,604352798
-3,056791583;11,4263749
0,423191972;-4,145115279
2,01136022;-1,862879521
-3,492354421;11,75355077
0,59415332;-3,825967156
1,352287939;-0,556347274
0,193022818;5,051265506
-4,847204312;21,11358203
1,718246732;-4,541656582
-4,847709114;17,82162677
4,223974778;-9,0325791
3,927831931;-3,185974116
-3,917586274;5,377039367
-1,594517006;5,352431083
-0,21687448;-1,519639399
1,927675194;-6,997137015
0,318766328;5,660619982
-9,237865111;29,60330086
5,256909922;-17,09079412
-0,474340192;1,035867764
-4,131400777;12,8057901
-1,378762438;-0,290237968
-3,946832738;14,21884937
-5,929685042;3,058818391
-1,158646534;6,901850793
-7,94131212;10,50782038
-1,201803467;8,990085515
10,93829092;-24,08768042
-0,552540842;0,229513095
-9,488418339;22,77815614
4,143976404;-2,421476207
-0,642126449;3,919502996
4,639381825;-28,37202772
-3,147305033;0,239198593
-6,314213867;27,08699428
1,236583936;-2,716802265
-3,530983546;15,42822596
-3,246884818;1,143676397
10,22683002;-17,89284502
-1,13299657;4,358069171
2,52875918;-10,66249733
1,505948731;-4,928419882
-0,272130651;-10,97165698
3,982541981;-11,77278945
-5,430431687;13,34933679
-5,176026707;15,43219768
2,825712316;-12,69822976
-1,292295434;6,662786354
-2,247625895;2,380236634
-5,34779239;7,829164242
6,673353208;-10,534054
-4,278254905;10,25859115
-2,633840839;4,168986891
0,960123192;-2,232611069
-6,329455439;9,312543353
-6,967090432;8,4899268
6,11389429;-10,70381924
6,252517327;-11,64149949
0,634035507;-6,077548048
3,452934295;-10,3603196
0,940785486;0,628608399
-9,372557978;21,43210549
3,897460603;-8,441006644
2,53189887;-3,679159902
-2,993555759;4,67215053
3,566003179;-6,031250619
3,747982518;-2,456891372
-2,357800258;0,690748898
1,163494871;-5,573978685
-2,91278205;0,064922979
0,68147721;-2,750708063
-1,295588868;4,442846761
4,989575808;-8,074546076
-0,98282287;-4,976354762
-2,1578882;-5,170980329
0,274353402;-5,24974139
-1,866063512;-0,851663792
-0,995404372;1,002268452
0,557543762;-1,840338316
0,51528239;-1,919998967
-0,406917609;1,166830429
2,392496072;-5,334081331
1,386998933;-4,018916401
3,092975804;-2,070540032
-0,486834733;-0,305824124
0,759767898;-1,364291558
-3,065817889;11,77659482
0,32022572;-1,956164113
-2,172227175;0,584288173
-2,301164626;6,790425634
0,156745648;-5,794505107
-3,422152303;12,69662596
0,11392406;3,690475308
0,734407326;-10,10432977
-5,445107255;20,5614622
4,238299899;-19,94091979
-1,546750459;1,832098714
0,51741916;-0,06705659
0,534879158;-3,424394402
1,067727152;-7,852261279
3,281778038;-6,350876361
-3,387012265;7,196759824
-2,324187972;5,029481107
-0,072196908;1,480365871
1,552088083;-5,580480756
-0,770675671;1,793262515
1,604413122;-0,298784068
2,635162349;-0,851396354
0,129503321;0,595867036
-5,055772851;6,687984616
0,773441868;-4,718595313
0,154859668;-7,6759517
-1,023706612;3,967223656
-4,681855831;12,50389222
-0,113987591;-0,43661755
-1,228595601;-2,913790278
-1,166764986;4,582820299
-3,550437631;6,492466294
3,913099137;-14,5851224
-1,090408487;-1,843800786
-1,609473486;-0,047137708
-2,403554229;3,689546955
-4,793094784;12,71974948
-0,661643614;-3,346166857
2,328629984;-6,870758095
-4,365236015;5,317757288
0,102625583;-1,713227574
-1,026330417;0,682244894
6,15295749;-11,32864277
0,225377124;-1,752457097
3,973201661;-5,758133609
0,752017716;2,800430984
-0,37111788;3,181098373
3,14452004;-6,982853697
2,045433402;-1,85512346
-1,325318699;8,626444334
-2,015648738;4,910934228
6,817732907;-5,996004084
-2,081541978;-0,721134934
0,93912741;-1,621406133
2,286354324;-4,601266644
-2,071377594;1,646047207
-3,56283817;10,37963245
1,285511018;-3,147223732
1,623198478;-4,329977372
2,813316778;-0,594010045
0,949566372;-5,751788981
-0,855633461;3,026454472
-2,433272693;-1,352861859
1,152549823;-3,912171238
3,715803288;-6,18217448
0,234110636;3,419229802
-2,045757511;-0,395720864
1,228187247;-4,088151084
1,523025077;-1,080897085
0,476799603;-5,332185528
-4,392126763;14,33246493
2,084032526;-5,371941642
-0,790037831;2,527216774
0,968438449;-2,549793754
1,646877494;-0,917018209
-1,030664512;3,96832444
-0,293335651;-0,994995581
2,119079587;-5,077831247
-0,113957755;1,132597706
0,519282192;-3,367685788
3,311818436;-2,230198607
-0,398798742;-3,471840788
1,706555935;-2,79046664
-1,347939671;2,980475145
2,359484306;-4,270313905
-2,193624839;2,501567219
-0,11683927;-3,334163181
-2,745225732;5,629932429
1,01093731;-7,040859435
-1,166473484;5,403771234
2,974753646;-9,121928091
-0,192740435;-4,903773179
-0,533373092;0,770692716
-1,708861689;7,66369217
-0,168739084;3,977034127
2,577314907;-6,382625126
-1,934248261;5,50221673
1,511219614;-2,180079544
1,329438794;-9,108399616
2,530088492;3,774892999
0,179227842;-1,399006525
-1,402352368;4,559729701
1,122916149;-2,770023731
-0,27069158;-1,897714364
-0,120012367;0,480379953
0,33080013;-5,194753622
-0,36754606;0,645085292
0,590423963;-1,262166993
0,120696207;0,117440119
-2,424464939;9,004439267
-1,299095946;5,867645694
-0,157158219;-3,575418965
0,818675642;-4,930723085
0,292029941;-7,059714467
-3,126742228;10,73612574
0,211501056;-1,935742618
0,631418944;-5,157528453
2,102852631;-9,74182342
-0,166797949;-1,669468092
0,883523835;-2,286940241
-0,875640991;3,844201205
0,416338645;-0,519336769
-2,976674306;6,364726228
0,23734039;3,663106171
-2,006884446;6,159338746
-0,185898876;1,423378235
0,33518875;-5,002853766
-0,421899674;-2,609934628
2,443889044;-9,828372331
0,511292473;-5,052108491
2,901037663;3,39337172
0,841557566;-1,856802228
-0,057179319;-4,36627111
1,117764403;0,221451184
0,343165587;-2,220818296
-0,072347805;-1,714704789
2,28335411;-0,195324764
0,284848528;-1,486516205
0,278833078;5,000585111
-0,279890599;2,937520461
-0,476246476;2,345966147
1,163632618;-0,848129813
0,055045018;2,001816456
1,503654999;-1,4233814
0,281851146;-2,681004708
-0,310690234;0,015419437
-0,582959147;3,020765851
1,316064173;-3,634107997
-0,353961428;0,899876413
-1,292999404;3,898857091
1,127017238;-2,124359926
0,666739146;-2,975533566
-0,87570078;-1,821449269
-2,47490199;13,87796131
0,990547553;-6,35199382
0,664842495;0,280357549
1,070016941;-4,58250414
1,826242152;-0,344114839
-0,073500475;0,49368856
0,217760567;-0,903700237
-0,007233859;0,095563546
0,25888415;-1,112819614
-0,217936543;0,298871588
-0,829825737;4,900409874
-2,256128466;11,37263004
-0,349094275;-0,886085058
0,830952379;-6,455540013
1,28431851;-7,055914386
0,861698815;1,390368568
0,756320014;-5,23218113
1,017923479;-3,2420812
-0,154039821;2,49110692
0,61300496;-1,232845442
0,2941378;-1,886063331
1,501824974;1,121516931
-0,325338788;-0,193747834
0,244480954;1,110428124
-0,360217297;0,5588207
0,636429016;-4,183176024
-1,030861683;1,736082413
-0,97456068;6,005153071
-0,629841887;2,586154408
1,746379456;-2,916624448
-0,242112397;1,213536948
-0,352291029;1,62882763
-2,628626947;9,857069955
-0,470476408;1,415131113
1,457639553;-6,655423653
1,342335736;-4,364981419
0,25188778;-4,074536467
0,725308706;-2,071488675
0,543575233;-4,507529103
0,418771898;-0,501671591
-0,298056306;-0,111709817
1,720468543;-0,591816956
0,395979183;-5,140278599
-0,832008201;-1,368917244
0,917230788;0,254836827
-0,644770708;-2,808608458
-0,90822931;6,099604734
1,039831614;-7,158973202
-1,244237324;7,334240828
-1,197557342;8,739973302
-0,351236556;2,091731943
-1,99234443;11,66849151
2,208106546;-12,00031326
-2,865508651;21,44599205
0,624659526;-3,034737328
0,22340056;-3,336207935
0,085301898;-3,881590904
1,88638289;-8,647209171
0,231106594;-5,023774637
2,180602627;-4,419211833
-0,025305031;-1,372892864
0,483029936;0,847096154
-1,050141792;5,052474907
0,553382861;-3,722649333
1,417491872;-2,057264339
0,072992506;-2,144033536
-0,06574088;-3,567362698
-1,370586468;4,494768882
-0,340916015;-1,988216635
1,333485518;-4,777670792
-0,072250812;-3,339978907
0,430494893;0,024091645
-1,757275872;18,87250339
0,359676032;-0,958770232
1,181384373;-11,19292684
0,015358167;-3,742648879
-0,862665566;6,12678657
0,530525335;-5,562654232
-0,266049094;3,897318025
-1,049355087;6,922791896
0,347658718;-4,469933768
0,563366212;-1,536565099
0,348726906;-3,350042589
0,674623762;-2,083787193
-0,575146669;1,570027226
0,093853566;-4,546099037
-1,206997228;9,133786883
0,562389393;-3,781701125
1,025991857;-5,670074722
0,336815533;-4,772079736
0,2106962;0,841483974
0,505334846;-1,249883531
0,0964357;2,31038333
-0,159109241;0,375848147
0,000635225;-0,274946071
-1,028949397;8,241242289
1,572702316;-7,890738335
0,292177415;-3,528543954
0,035631335;-1,011517983
0,380415926;-0,548045968
0,268852459;-5,027140905
0,15561732;-3,276160958
-0,96145042;3,88636542
0,810239789;-2,24091047
0,223442779;-1,264910144
-1,107118505;1,550974348
1,223309263;-1,884485672
-1,084344468;6,044400764
-1,931571607;17,55395156
-2,257883743;20,37648847
0,439850014;-7,235763444
-0,440111596;-3,467851672
0,467922439;-5,939666786
-1,207718424;2,4929859
-1,006685732;3,657155803
1,397624685;-8,629936379
1,270046212;-5,063259374
-0,567840882;0,532351215
-3,182491454;18,82278895
0,270387188;0,090215105
-0,909186137;1,495606639
1,2766784;-1,967301518
-0,242412819;-2,35948969
0,944482407;-5,861097541
-0,293742461;-5,294762655
1,765159478;-2,159116215
0,403994648;-2,435609249
0,637409909;-5,173470332
0,199517648;-3,026203762
-0,123546339;-0,42514921
-1,236570321;6,901276854
0,948446067;-5,309368856
-0,227226714;-0,86696783
0,121533428;-3,05528824
0,991819926;-1,26315921
0,213867288;-1,068609351
0,024005067;-1,238803599
0,354009797;-0,610645794
1,372122395;-7,222097911
-0,036466971;2,077005356
0,152221344;0,703331676
0,432529632;3,538243492
0,384431598;-2,809541565
-0,0406428;-2,718513326
0,02630346;2,336233274
0,75599564;-1,76197261
0,56157369;-4,534193469
-0,051495766;-1,754584621
-0,528848519;2,059263782
0,489330137;-0,615759738
0,695631905;-3,155659139
-0,569750611;7,057846269
-0,189468017;4,704923878
0,054839274;-3,508655535
0,547808798;-1,042861632
-0,014639982;-2,674683769
-0,34673009;2,625177189
0,719739568;-0,709302474
0,770767032;-2,634347666
0,149382044;-4,777527452
-0,60831012;2,349793517
0,31796028;-0,870685801
0,647261011;-2,10944565
0,157599213;-3,556009334
0,049610814;3,877573062
1,089930418;-3,86291538
0,065312595;1,881276458
-1,64470408;14,42369262
0,43220826;-5,740600121
0,783698696;-9,769378718
-0,120857525;3,657409957
0,207226259;0,890160104
0,690920896;0,881883322
-0,44947624;4,963068441
-2,38486987;26,64663927
0,62528996;-7,912180168
1,26711219;-13,40499842
-1,697686867;17,85427513
1,284619956;-8,837260759
-2,431625823;16,59298274
-0,679740069;4,365695418
-3,307749934;27,49116227
-1,561570414;22,16758169
4,28456452;-35,08360552
-0,3592134;-1,844257649
1,345693407;-10,43533432
-1,240855872;4,420422967
-1,916803921;15,7537571
0,091969458;-1,313430918
-1,448668971;8,397675202
-0,533252729;5,116500922
-3,994485426;25,93688399
1,472357361;-13,2936997
-1,318110477;-4,565186423
0,016481644;-10,20767995
-0,586613701;1,152910742
3,215825387;-16,56934415
-1,264095131;7,720006251
-1,750341153;10,24903043
2,532536972;-16,40583306
0,38541334;-2,406220898
-3,520650036;18,56882475
-1,381352443;3,001154182
1,072720893;-8,197789803
-0,614845556;0,064224914
2,889078778;-9,861604607
0,418105752;-6,023852944
-0,199535264;-0,756849976
2,303339164;-9,987067055
-0,074514768;0,168330373
0,109312764;-3,438861677
0,112720597;-4,51529549
-0,405335674;3,784832917
-1,639028299;8,337520775
-0,317899812;-0,543653649
-1,713534196;9,974744339
0,26662241;-4,178427366
-0,222506853;1,609209681
-3,169728873;16,26334293
-1,035351212;1,169377655
-0,343477192;-5,010949153
-0,486233016;-8,731423981
0,515566794;-1,597484359
3,066096462;-9,981634624
0,917959608;-4,326086262
0,698900539;-2,905201059
0,054357512;-2,251115233
1,507276447;0,505964439
-0,034420221;1,309948074
0,100632965;0,974655428
-2,94319676;4,295829275
0,577501105;-1,097153477
1,11628153;-8,205661815
-1,309175741;6,877315823
2,207462927;-4,043595442
0,799736154;-4,848973718
1,094885066;-3,228486229
-0,123896679;1,978802362
-0,713509113;4,444789009
-0,435635103;-0,520831209
-0,012556059;-2,670294994
2,159446966;-6,575105851
-0,499695271;2,753198702
0,584381936;-1,898135548
-0,145838771;-0,521251726
-0,389997405;-1,667125973
0,527902831;1,798446752
-0,617433962;1,008740519
-2,877246452;12,63870032
-0,558232543;1,305473706
-0,422074882;1,937980488
-0,006860703;-0,559718265
1,1929431;-7,047269043
0,129262195;1,038216653
-1,726949402;7,229066368
-0,385881284;-3,683936732
-0,423754918;0,63996079
-1,480782658;6,754947184
0,309488632;-2,831429396
-0,790352468;2,453642383
1,626165186;-11,30648357
-1,501766966;10,67067263
0,020165955;-4,381431913
2,888867795;-8,680534323
0,885079499;-2,998625799
1,294333519;-8,479232811
-1,172654989;11,02616066
0,622900079;-2,362793953
0,4631594;-1,935367248
0,46624865;-3,685872079
1,088006765;-3,636261604
-0,090243162;1,611944533
0,334582474;2,449037596
-0,055346839;-1,75916924
0,0637456;1,301591361
1,490622935;-2,369149331
-0,275637187;3,852585303
-0,502623123;0,688580096
-0,85552984;5,841529443
2,078385721;-9,509707732
-0,587261182;3,727108225
0,464960231;0,24108204
-0,278017158;2,810769285
-0,327754488;1,89224254
0,421765587;-5,220731403
-0,825644501;4,451340313
2,045766434;-7,845035615
-0,086128864;-1,273324423
-0,183693392;0,30044561
0,591455403;-4,047060544
-0,004323205;-8,853271594
0,362242588;-0,183101176
0,690672708;0,712092149
-0,383709062;4,135019841
0,183637375;-4,394494997
0,702857666;0,290037098
-1,619370287;7,733410797
1,028002458;-4,181700137
0,158327867;-2,687486062
0,219735011;-2,60044883
0,195561166;5,51639472
-0,017217289;1,82206241
-0,288326851;2,369693009
0,09351587;0,79275551
-0,06284418;1,496198083
0,075702719;2,903640881
0,754027729;-1,222924306
0,348224831;-9,806437982
1,891024626;-5,488291716
0,372602063;-1,438588695
-0,231226859;0,139410901
-0,827395331;4,203861604
0,417747554;-3,274045885
-0,444020843;0,891448264
-1,206782457;10,02191549
-0,140723579;-2,034132241
-1,652721569;11,11343719
0,002308194;-3,723866963
1,505152462;-14,91272025
0,234809343;-3,884971525
-0,176566678;1,78798507
-1,457609057;11,5779792
1,462365783;-5,350719803
-0,768565055;12,72585928
-0,156886815;-3,179291428
-0,627777409;8,900625359
2,119756345;-9,74286163
1,254804173;-9,701017613
0,241079588;-7,407779139
-0,148814068;0,030756009
0,032588925;-0,191373712
0,350586708;-1,424160398
0,364632538;-2,82573663
0,579464498;2,040730292
-0,01407389;-0,366061926
0,072148335;0,316555346
-0,532467597;1,831840018
0,597698756;-3,138517441
0,064739598;-7,67025445
0,235605313;1,820311294
0,582293579;0,461569857
0,318479901;-6,539266613
-0,183473998;6,368394723
0,042345077;7,008026996
0,05819684;-0,877273372
0,081957766;-1,404079716
-0,16984158;1,354573136
-0,03798659;1,279489751
1,106223534;-0,816606953
-0,150298313;-1,339444989
0,48056181;-2,117847205
-0,23142728;2,183355017
-0,203554453;-1,530288429
-0,156633361;2,282165623
0,352914746;-3,800990524
0,877819578;-3,949186978
-0,190126954;0,894646411
0,716835155;-5,866282148
0,118640638;2,592695848
-1,035622454;8,660624398
-0,14848567;3,828420364
0,222157931;2,608415921
0,563025662;-4,565948959
0,007436943;-0,365275753
0,402296558;-5,576871635
0,205273249;-3,013685853
-1,820286367;21,55627435
0,744429127;-2,602606293
1,636673363;-10,25973893
-0,291528906;-1,914302889
0,21623744;-3,614417901
0,269105222;-4,685320657
0,603172413;2,148576518
0,39869616;-2,954230368
-0,29787112;0,354035042
0,05601536;1,351989357
0,530320285;-2,542192716
0,219302631;1,618772959
-0,342921273;2,574409034
0,604887987;2,090756248
0,288191288;-0,805297655
0,173381425;-0,993870505
-2,093126384;23,55964737
-0,631977345;6,173363734
-0,118392976;-3,753604248
1,03061895;-10,39417807
0,535662165;-4,656930991
-1,605392049;13,51214075
0,142483919;-1,511229918
1,688337668;-10,72197008
-0,759444876;2,418273214
-0,856527329;8,036008503
0,869410279;-4,175546769
-0,155168925;1,973310233
-1,924033954;7,865323481
0,686650614;-8,609616993
-0,625675489;5,072195658
-1,145260319;14,03577399
-1,98765402;18,94480843
1,312020794;-10,9015169
0,411188097;-7,625339597
1,468560954;-17,06922647
-0,37459435;-1,984649439
0,272068342;-5,307845778
0,910833491;-6,322233206
0,296709284;-0,526007472
-0,294067737;8,17261015
0,684618118;-6,83590102
0,647340468;-2,533951074
-0,202023575;0,144504865
0,476165442;-1,959930356
0,01560918;0,548314181
-0,036912971;-1,463627035
0,199223819;-2,074605445
-0,171022091;1,210199152
-0,420154157;4,321270588
-0,298634672;-7,457081383
-0,799615406;2,944586002
0,000115906;-1,024467585
-0,010538485;-3,942096585
0,372867026;-6,041128982
-1,126805611;10,14508742
0,552575143;-6,919823041
1,323537653;-4,944839415
0,507385042;-2,578655535
-0,178299807;7,069487789
0,875044918;-0,980478946
0,604133941;-1,768420328
0,336005983;-4,897255261
0,21089614;0,860509556
-0,194330707;8,047291116
-0,357408511;4,319771956
-0,706797281;2,225187616
-0,930027509;6,326592777
0,362358413;1,068148269
0,434481175;-7,001710346
0,785255749;-7,588078461
-1,136274803;6,307251757
0,469443497;-5,605339672
-0,828910482;6,26129749
-0,64127772;6,604691494
-0,055768753;-3,881062461
0,857621412;-7,844004431
0,198651425;-4,497939967
-0,7907033;11,58158119
-1,218632371;4,681997796
-0,101678121;-2,518648125
0,298905517;-4,324641814
0,37562638;-5,93721087
0,38835575;-0,710755357
1,034795599;-3,397646989
-2,323728387;16,9044469
-0,141464499;-1,17892387
-0,997055093;-0,801666166
-1,100757427;2,939234185
-0,114592383;-2,32244737
-0,438472222;3,882422914
0,716135058;-5,606075738
-1,426754168;5,928415516
0,047947445;3,874882807
1,2343855;-7,157434894
-1,777462781;15,46851912
0,156373978;6,379250567
0,285133158;-3,973224922
0,519163038;-8,921630593
1,314512127;-5,843635118
-0,667851837;-1,843963391
-0,302105156;4,048811664
-1,198413574;8,943862882
0,895347868;-2,617318143
1,267223402;-7,024836779
0,805957492;-10,46231978
0,987931357;-4,464665697
1,411781045;-4,038876645
-0,152613093;1,165357881
0,081199952;1,703691028
1,021052446;-2,44047931
-0,717451663;-0,02475329
-1,844522567;14,21006221
-0,463242782;7,715658975
0,291196863;0,176347828
-0,692784112;4,348328765
0,534999746;-6,324867544
-0,835217655;6,993936511
1,598809117;-8,695530228
-0,086011635;-0,651381989
1,326620435;-8,378863938
0,07183813;-0,252797865
-0,584805379;9,910180107
-0,430247902;4,42266988
-2,070678267;12,72100883
-0,342826582;3,228958386
-0,666048599;6,141723364
-0,432991938;-6,528783007
-2,607796717;4,640699494
0,481408753;-5,880700601
-4,919071386;30,29256083
-0,076414108;1,043431545
-6,914742787;40,52175752
4,612838232;-31,43876358
-4,5345855;20,36591361
4,506153602;-9,76534638
0,505881668;-7,033988222
2,1361669;-13,20516699
-0,997533322;3,003899134
0,075787981;-3,967520812
-4,580765802;30,07245086
-1,531181446;0,861862442
0,006894945;-1,451845036
3,352119057;-15,73478698
1,284559293;-1,050113499
-1,587699312;10,18764474
1,481935958;-11,10441649
2,769844639;-9,786442
0,215521668;1,847328447
0,472085052;-3,962629929
-1,213151947;0,60576266
-2,579607552;6,366219615
-0,765313534;8,666562778
2,805476663;-10,32084974
-1,085794907;2,752379353
-2,7257621;11,52017794
0,675251056;0,156805572
0,888966724;-4,475819141
1,320070243;-6,487642568
1,685198775;-7,930322537
0,550141761;-3,17036297
-1,004000716;5,470272062
-0,185144488;0,371652163
-3,002005347;12,70257
-3,259151503;10,22954642
0,587453029;-0,266879322
2,287896246;-5,582431049
1,044260717;-3,439658334
-2,109725403;8,534861609
0,789242729;-5,631832322
-2,548033251;10,05712506
-2,905266181;5,60958828
2,205024797;-10,76882181
1,751886041;-7,684604593
1,794911055;-4,183022396
-0,838586982;-0,217933974
3,336658573;-9,219324086
0,035479686;-0,510482835
0,955798856;-5,016435095
-0,316716098;-1,832417073
1,704189047;-8,377080744
-1,974899628;16,72694785
2,002399134;-5,661349261
-1,291887722;8,708065333
0,435478158;0,957629675
1,844500877;-10,5033142
1,260174792;-6,828300843
-2,043740417;9,611848029
1,029237197;-7,631511609
3,352753288;-15,96588046
0,02000951;-3,745918772
-2,523767505;19,97186933
-2,852911843;14,86442878
1,578730478;-6,040484589
1,841854877;-7,111848232
-0,648887802;-1,145767337
0,608695006;-1,05792362
1,147825203;-8,297390538
-3,757440524;27,42475353
0,839814219;-9,746769097
1,910416504;-8,845105017
-0,978509568;3,539455925
0,461654041;0,263939783
-1,694485724;7,053742611
-1,713173018;2,915770419
-0,058381536;-7,576070926
-1,901362959;2,779312726
-0,433849695;-2,922616406
-2,253202889;6,072665155
-0,287817763;1,40697604
2,86320207;-7,054673819
0,202214805;-4,773142492
4,221438029;-9,751786041
-0,20995281;-1,437560731
-0,0430074;0,375756985
1,004540506;1,13132895
0,091607975;1,011521859
0,18272623;1,876716004
-2,155755723;6,457434537
1,655335382;-14,83145817
-1,521544477;-2,75306474
-0,891301207;-1,042773045
-1,160230979;2,424352551
0,304879466;-3,661517565
0,302193052;-3,344896171
-1,19912564;2,535837684
2,920023729;-7,090429362
0,175854983;-8,046965662
0,80425185;-1,29267354
0,880542231;-2,077821344
-0,010995334;5,511369426
-1,274556464;7,066043652
1,046111412;-3,7938804
-0,448962921;3,232863753
1,516642523;-1,87945821
-0,000115227;-3,344376686
0,275033442;-3,411800247
-0,272924343;-4,062352393
0,206998548;2,085641631
0,865746527;-1,844722063
0,012049059;1,700243963
0,214482467;-2,81876947
-0,514926274;2,101962972
0,335759924;5,961728758
1,085763061;-6,106933912
0,473744333;-5,030695371
0,048017745;-8,365101906
0,02821734;2,086280392
-0,121540257;1,252539222
0,845263691;-3,24911115
-0,595956681;1,385253839
-0,178320624;-0,2403814
-0,27143673;4,563443891
-0,064610988;0,18122515
0,867117931;-4,711064823
0,090548922;-3,1457239
1,431066726;-5,042909844
-0,061302218;3,762274116
0,183227926;-0,646048708
0,196882242;2,823805689
0,128396652;2,530422486
-0,709918069;10,94514861
0,658796498;-8,817760099
-0,112902378;2,567408301
-0,558680632;7,845570245
1,07763077;-9,546311453
0,215711715;-7,812459808
0,053060572;2,255022828
-0,353475602;-0,02475329
0,407384493;-7,974075352
0,148178253;2,965795163
0,116458442;4,934020319
0,316165514;-1,297257321
-0,493730119;2,558523159
0,595009803;-6,583561893
-0,344009351;0,148913898
-0,406625906;4,276973894
-1,567856478;14,49196067
0,668786364;-9,044388229
0,958099052;-6,077378187
0,343561463;-4,81745572
-0,002861043;-9,007894413
1,77800744;-5,545208725
-0,138603661;3,3631496
0,576040778;0,691162557
0,092971379;-6,383536039
0,377691304;3,838824498
-0,319408683;3,502718902
-0,206200842;-2,955604554
-0,742169312;2,841892515
0,291497754;-4,961589888
1,360124195;-3,876673778
-0,300980802;8,892373518
-0,514281749;-0,797455138
-0,179828254;0,039867068
0,350255561;0,104362286
0,728756743;0,874417829
-0,418567013;0,103042255
-1,044398532;4,836022699
-0,081829867;1,544379595
-1,161249652;11,87322779
-1,741808345;8,040841249
0,723223128;-1,856029456
1,349625655;-15,20698648
-1,274252518;12,78182604
-0,069278605;-0,02475329
1,517892072;-5,761659328
-0,425259173;0,945604781
-0,614113412;-1,538284885
0,097952393;-5,165549674
-0,863217162;8,384472251
0,348396172;-4,719432586
1,336328396;-7,359081663
0,646889366;-3,533885271
0,222235558;0,46664819
-0,408012059;4,935929118
0,545337721;-3,284301115
-0,268886351;1,647920166
-0,787741003;3,924656843
-1,646805364;8,695370838
0,016146081;-1,179616489
-0,447691131;0,554337562
-0,691388622;5,240971284
0,232518884;-6,452048505
-0,358214933;5,451816702
-1,136413148;9,465130492
-0,595146715;0,431442757
-0,46026021;1,331510749
-1,535485624;9,477685679
-0,760425976;2,435544227
1,571962556;-13,16184835
0,029716063;2,088159659
0,150321173;-0,694249207
0,119002221;-3,62668806
-0,235703957;0,991417093
1,082899711;-3,437091762
-1,4627688;13,76726041
-0,246831931;-0,356703816
-2,514035385;10,23661129
-0,007950996;-2,071050496
0,552145594;-5,695567656
2,259871771;-10,79518701
-0,029552886;-2,030294575
0,789236241;-2,306570621
-1,288948189;10,38875077
1,139433147;-6,467283181
-0,723708863;9,386846941
1,056753444;-11,30983761
1,009568704;-2,689080024
0,125464517;-14,20010829
0,957877586;0,302217037
-0,18768389;-6,427833019
-2,270226614;15,22444967
0,695993098;-10,35075006
-1,627256095;11,78421187
0,457230933;-3,316821316
0,875572348;-1,403370989
-0,230108714;1,303141605
2,442573522;-14,3465415
0,226723403;-1,677689438
0,602371331;-0,861572305
-0,488710038;4,894271129
-0,966647683;-2,336995032
-0,182923477;4,993403263
-0,834818005;4,008485569
-0,020398247;-4,224977989
-0,518863248;2,070135831
1,617370042;-9,098552969
-0,250605385;2,161454839
0,719329716;-3,776315477
0,646921664;-1,985600429
0,25243572;-4,517758265
-1,030167927;5,146638499
-0,913803696;13,46658714
-0,927110867;9,447649237
-0,05029692;-5,70323937
1,621660451;-9,850926695
1,871175593;-4,875250958
-0,067253497;7,638078048
-0,451523153;4,846333964
-0,309325133;0,133594596
-0,772102185;-7,638607479
1,867222958;-11,66087
0,213750212;1,937956121
0,490470494;0,225716471
0,043157529;-4,305189543
0,022454147;-0,286191347
0,199699203;-3,622742988
-0,144174368;-7,341658683
-0,031721259;8,035649951
0,094993278;-1,517318312
0,688636233;-2,376175599
0,168132502;-6,082841879
-0,021023328;4,125824266
-0,369272529;6,865023183
0,003731899;0,572659705
-0,82940579;5,448128284
0,624493003;-5,035435295
-0,067819322;7,400159248
-0,099756706;0,827870633
0,065493424;3,373481398
-0,802548833;4,389841553
0,487141163;-2,064489787
-0,135569801;2,852742924
-0,125729009;-1,368558506
2,004047839;-12,87985955
0,385273668;-8,168009486
-0,635586416;12,38515368
0,294099399;0,77059502
0,190144717;-3,812849797
1,598911328;-11,76350772
0,376207734;3,196813822
-0,331864189;0,525076274
-0,146965348;-2,875137433
0,099579363;-2,163109893
-0,072993838;1,334838315
-0,026438073;-0,666466722
-0,242420798;1,183935438
-1,074644797;8,635150939
-0,594231197;8,541268866
0,941366919;-12,48951831
-0,467686634;5,799594643
0,245893904;3,657409957
0,068284846;-3,834143017
0,34287987;-1,823131879
0,695976318;-5,897020566
-0,051069904;-1,548328468
-0,36517824;5,275400154
-1,012924097;7,984614329
-0,639631339;-0,514650137
0,000631185;-4,416933383
-0,315960339;3,442338491
0,785641228;-5,565801455
1,002849734;-0,35272997
0,391954753;-1,01518727
-0,263577806;-0,290534177
-1,689920344;12,64407468
0,025042733;-2,637716675
-1,473829345;12,45969602
-0,327921067;-2,715981372
0,280200673;-1,177023895
-0,09183065;-1,750384755
-0,003319072;4,315400667
1,067815442;-10,8599316
-0,961277692;5,227322826
0,19724132;4,585893918
0,763345077;-4,692267147
-2,417954307;8,163124086
-1,246899136;-3,165815352
0,150819298;0,622154609
-0,005857957;-10,97362604
-0,418244191;-0,20477134
-1,413792883;7,325965822
-0,178387426;0,365110752
0,463921643;-9,217267576
1,947831847;-7,421488774
0,047410804;-1,080172058
0,212843472;1,488931419
1,275314356;-1,141349456
-0,222070245;2,325224302
-0,542935236;2,648862359
0,763627282;-2,633873613
0,407149481;-2,969028772
-0,002656377;5,214077927
-0,494557776;4,713130786
-0,190033415;2,819052093
0,139454889;-3,956182753
0,311207735;0,701648231
0,272760365;-4,212557338
0,014944514;0,914214514
0,633847289;-3,061033433
0,025908045;2,386531048
-0,65305482;3,728372644
-0,433303403;2,597572259
1,16116294;-3,984478752
1,123212744;-4,851763649
-0,780720367;10,85752481
0,52840457;1,74519866
-0,961200289;0,932730792
-0,263233724;-0,02475329
-0,498801513;8,769763816
-0,140824302;-0,076106309
-1,130050419;15,41232489
1,661096835;-23,20108306
2,489705785;-20,52437619
-0,227685397;-0,845551332
0,466424183;-5,168542999
-0,331706165;-0,314398677
-0,343669814;-1,265192398
0,246328753;1,36061338
0,737964128;-2,36918301
-0,023657335;-0,993103501
-0,112016326;1,165736961
0,093897479;0,196894381
0,000791404;-0,988794868
0,543800176;1,08678094
0,32084339;-8,558549339
0,422927378;-0,265814074
0,131728349;0,216307494
-0,018244424;1,804323547
0,524165046;1,539000232
-0,204039256;5,1162124
0,490394528;-1,959337434
-0,409630318;7,289399623
-0,275565067;-0,304473752
0,981345506;-10,18801784
-1,179489114;12,83297479
1,017357371;-6,719750276
0,035996139;-2,31014579
-0,199608918;0,644145525
0,545293611;-3,645058156
-0,079535972;-0,641088061
0,140494274;-2,370443325
0,040302912;2,629578966
0,050137495;-2,520982746
-0,123468635;-1,617143626
0,712063578;-1,235910606
-1,267076971;17,58265501
-0,651206375;3,587679635
0,854515519;-7,173083163
-1,866833401;29,25379382
0,590181788;-11,86231019
1,24566408;-13,58982583
-0,105351155;5,135121381
0,213210071;-0,996578237
0,441106812;-9,224290027
0,933149351;-3,881178777
0,08948667;0,34548038
0,16257853;-3,560285123
0,428207032;-3,689880869
0,305476044;-8,559951771
-0,259520432;5,935886258
0,112413133;-3,676611363
0,539829313;-4,608348517
-0,180883199;-0,02475329
-0,571462839;16,72149095
-0,261452831;7,402081989
0,648610531;-12,75440595
-0,850598212;9,885826144
0,695958549;-3,072884773
-0,353468822;1,220228005
0,756590532;-7,346014965
-0,077758152;2,907555568
0,385940444;-3,506729806
-0,4672675;6,674859577
0,496987543;-6,096420608
-1,079119191;10,58169603
0,385122054;-2,302431824
-0,449320349;0,190996524
0,609390034;-5,411522108
0,334900734;-2,714120137
1,192638483;-3,834737913
0,335689797;-1,000370785
-0,302985642;-1,506261869
-2,342318347;35,8829168
1,401678244;-21,30223277
-1,462037178;16,75226277
-0,691261478;6,140974043
0,861993085;-15,98228657
0,446173978;-3,976221043
1,017625419;-6,557394832
-0,018271811;0,935017828
0,383755606;0,048695116
-0,203287027;-0,098201696
0,697125686;0,707314401
0,229275903;-1,420295586
-0,954053101;6,904115282
0,91749456;-6,437206107
1,029050544;-5,623794972
0,171690266;-1,514392753
0,502758077;1,309122901
0,394148015;-1,358629481
-0,388297618;3,62047387
0,41232852;-4,224437316
-0,014616959;-0,342971538
0,990200836;1,713047157
0,491204477;0,287991296
-0,521139006;1,984587883
1,005835355;-4,884643763
-0,089692705;4,451848097
0,153184618;2,627922143
-0,849713234;3,285589433
-0,311717364;1,768051989
-0,074057582;-0,594961535
0,613190367;3,417806538
-0,726199513;2,363623629
0,347456679;-2,068421147
-1,459963539;11,4702036
0,57293816;-0,147515736
-0,57151064;-0,086203367
-1,406461331;7,26304268
0,826539622;-5,124018076
1,256085592;-9,411551796
-0,053593186;1,937376369
-1,039432279;10,01134593
-0,859383512;8,505373203
1,448701016;-12,49804295
-0,609145957;4,385973561
0,734981738;-2,086687963
0,757190528;-1,162137596
-1,413735983;0,155685857
-2,551748326;20,78800541
0,247716106;-8,102257309
-1,240842746;6,180779855
0,926339783;-8,531704634
0,935573157;-7,090472085
0,599163262;-2,079407313
-0,448784749;-0,02475329
0,52001414;-2,974109232
-0,073411519;0,401946508
0,063464939;-1,495367939
0,99609876;-8,456899017
0,50487466;-0,766246408
0,701460329;-2,977250621
-0,000748236;-1,0051533
1,327415468;-1,442211466
0,289267127;-1,245594306
0,118487696;-0,386679128
-0,390471371;4,442490715
0,258114797;-4,564539917
0,483128332;-0,097348575
0,141969732;-9,381631044
0,184190383;-2,038514453
-0,204271192;2,941396024
-0,400756161;4,000557946
0,236415179;-1,630906365
0,063889276;-1,971097332
-0,39320924;5,108506889
0,018468872;-0,02475329
-0,032547726;0,422341344
1,227353001;-3,890334988
0,145005576;-7,733222929
-0,166998914;-1,200249613
-0,592853154;7,144439556
-0,400218413;1,998662046
0,368886247;-1,969583161
-0,376540617;5,179175182
-0,134264415;-4,602211429
0,258315129;-4,006170861
-0,537912135;5,73620834
-1,457362376;12,16171411
-0,349912591;-2,499106328
-0,610683611;4,930451083
0,362485467;-1,291014794
-0,598542805;6,655201169
0,839338324;-7,715838709
0,375018344;-5,454061527
-0,423689784;6,950804241
-1,619059777;11,19607308
0,25548192;-1,708497216
0,177241821;1,897221846
-0,336842548;1,157998558
0,39665169;-2,404395548
0,789512918;-4,519206091
0,102007311;-0,719858774
-0,013462871;0,481256645
0,975422371;-1,422488879
0,712988188;-7,322419975
0,285857639;-5,034619214
-0,35752003;3,31956407
0,252194305;-0,938643658
0,548795025;1,516973113
0,401981106;1,012959239
1,191506326;-6,712878232
-0,203371275;-3,239983517
-0,74321126;-0,329167528
-0,491981716;8,657327715
-0,278958;-1,645077574
-0,293228334;-0,523152328
0,329030717;0,331499313
-0,427118013;9,467462388
-0,623653831;7,08991193
0,777766615;-6,623288332
-0,085595037;6,573781752
-0,920903097;6,221805807
0,683940838;-5,431475417
-0,873180604;14,77397992
-1,25978084;4,655346054
0,038468315;-3,730735728
2,140656494;-17,36295747
0,607753684;-4,746127038
0,387738302;2,177285985
-0,727784801;14,91804828
1,35437456;-23,81021937
0,653225578;-8,756796203
0,633834727;-3,343308189
-0,009732633;0,89128365
0,553205794;1,258767539
-0,492481164;0,648146445
0,306377988;-1,677683485
0,419615639;-0,861578257
0,113975762;1,641951958
0,537960288;0,723753199
-0,50769078;1,749129144
-0,403582927;0,705176958
0,271015622;-3,502721296
0,337514091;-2,695648416
-0,299858928;2,570812266
0,406740998;-4,651638691
-1,345949454;9,31234787
1,31491504;-7,562822747
0,053361203;-2,934907536
-0,256226431;2,263314968
0,787369452;-2,392661872
0,463653832;-1,230071217
0,402408807;-1,490577581
-0,389411118;7,174875381
-0,223411361;2,16483966
-0,383129443;0,049901435
0,790664728;-5,705482314
0,476013197;-3,235301911
-0,145319961;4,207415218
-0,003926494;0,131496742
0,229293999;1,293606247
-0,09750564;5,373858866
-0,291178242;3,770904637
-0,338701442;2,199104862
-0,149340144;1,000896727
-0,453807464;2,527433589
1,098613671;-8,967320367
0,162639265;-2,224255449
-0,337378333;3,041180282
-1,157045588;10,28098293
-0,396674698;0,75044439
-0,029047388;1,381020659
0,611109383;1,673941167
-0,329486433;1,091871215
1,632184735;-16,12072148
-0,07691554;2,479849903
0,461809662;-2,601846518
0,511497048;-5,616966821
0,272244584;-4,414172646
0,45452466;-1,233957867
-0,052569992;1,024066328
-0,036832833;8,435323625
0,376279788;1,148280689
-0,909047151;3,62502569
-0,052207876;-3,38341125
-0,270398537;-1,562681808
0,587428675;-4,785758187
-0,040129013;-0,412500965
0,01591903;0,130526244
0,211497193;-6,019356422
-1,284502492;8,950582552
1,057081785;-7,853475423
0,49638307;-0,02475329
-0,153708679;1,990631329
-0,409183904;-0,74562145
0,2580854;3,37344014
0,038564133;-0,258125625
-0,911838297;6,967948158
-2,128547993;27,53795439
-0,507728002;-4,074795104
0,593281696;-9,785656429
-1,045076244;9,333503346
1,101498581;-0,371168176
-0,667534832;6,251810481
-2,328566304;15,21168547
0,742298495;-11,52941052
-0,221934054;4,276984998
1,217399598;-14,68246758
1,302513517;-11,97005635
0,137894621;-0,221152698
1,081231741;-5,064449186
-0,045835695;-1,482606253
0,560415339;-1,14994097
0,460863105;-4,139371952
0,096874502;2,161922758
-0,673492033;11,08642567
0,582428323;-4,71362801
-0,210962494;-0,771278644
0,597839693;-3,138114398
-0,153764898;-4,039629427
-0,016735872;4,829875857
0,474682304;-2,208707651
0,258976579;-0,310060188
-0,759492479;13,32838597
1,49632644;-12,66614578
-0,024241087;-1,525317352
0,152787469;2,252925244
0,034888627;-0,730970914
-0,065241201;0,611066584
-0,528415537;4,113768326
0,011606574;-2,279717303
-1,195914994;11,39199135
-0,301482488;9,382890211
0,937865917;-13,07372198
0,700462384;-7,455225862
-0,633958328;4,024382845
0,583327553;-4,073889425
-0,312603842;3,227565881
-0,506563986;0,573453878
0,420521257;-7,379492407
-0,72139951;6,264019704
-0,209095003;-2,122969013
0,444043078;-1,471557721
0,770381311;-3,772098783
0,682562976;-5,808425777
0,266020493;-0,101118319
-0,131614318;2,091727829
-1,280560151;4,293517332
-1,099737089;10,89023556
0,355447962;-4,490367205
1,066998103;-7,482056126
-2,129502635;13,93256293
-0,972111837;6,903903995
0,799464975;-5,578382703
0,654552102;-3,177605764
1,024480999;-9,632674632
0,117386528;-5,98148859
0,357895719;-0,851514858
0,389473047;-0,47861186
-0,24048252;0,579934871
0,152642947;0,351328387
-0,831840321;5,381968837
0,304175311;-0,666924601
0,456040189;-1,903421259
0,279849131;-2,237232918
-0,033232993;-1,225067776
-0,153841343;-2,624288047
0,168040887;2,876213497
-0,921808964;3,740918654
0,541169631;-2,966141811
-0,156362764;0,198877068
0,132926445;-3,896204508
0,943719777;-5,513208156
0,023261048;-0,845775964
-0,490114806;0,304465114
-0,959496224;7,872007586
0,355090398;-5,727196134
0,364835592;-0,185654371
-0,670866304;4,231208152
0,789428199;-8,473684046
0,21703858;0,977761372
0,405033445;-5,755264959
0,578089184;1,287027654
-0,130375124;1,441422177
0,516370023;-0,970996909
0,165292202;-1,504971871
0,053850324;1,541858384
-0,056834718;2,448720358
0,170081836;1,728945098
0,631502366;-3,392074801
0,442802488;-8,508195366
0,074927287;3,814840836
-0,043507259;-1,470126239
-0,373236937;5,37717968
-0,730319788;7,926453003
0,294060086;-3,096943166
0,064729684;3,761441999
0,198115405;-4,801055677
0,750018461;-12,83447716
0,108760486;0,069453029
0,153950524;2,117853127
-0,03215314;1,166282319
-0,664516499;9,935875397
0,469649908;-4,57865985
-0,136863756;0,319777628
0,171998669;-3,257887672
-0,05613847;2,691138559
0,646651456;-3,72235762
0,046953773;-3,029075739
0,527549165;-4,756004627
-0,412029749;9,312278209
-0,726282037;5,553698475
0,444445806;-2,817994558
-0,432868658;7,734913514
0,128078327;-4,159918845
0,464280265;-2,200571343
-0,212302336;1,152720364
0,400322658;-8,392000862
-1,209366427;27,87606664
1,002355068;-18,72568137
-0,251200495;6,008439171
0,481455253;-4,576437172
0,156384261;-6,087215472
0,029897803;2,715144129
-0,505000415;6,908311937
0,009905478;-1,054465359
-0,472712684;5,549445011
-0,012814757;0,351045724
-2,039099041;24,00032257
-0,305227491;0,446112767
0,697425611;-11,92057155
-0,992173748;10,92710522
-0,017342016;-3,033403626
-0,576117391;1,731265137
1,127636437;-5,514876866
0,256656653;-10,30045218
-0,182704083;-0,729974831
0,649570882;-9,132041823
0,414733984;-3,816676776
-0,025043318;5,686614922
0,830642446;-6,544533342
0,479913207;-0,921620288
0,228568976;-3,60996428
0,275648867;-0,194676865
-0,21836335;-2,521654423
0,458729567;1,960637776
0,086147067;-0,624840817
-0,013907268;1,256767879
-0,188038904;2,241394881
0,312585596;0,306647179
-0,073327274;1,289973946
-0,096850289;0,869198214
-0,172465799;2,215340379
0,483418951;-4,473525699
-0,326690435;4,582121919
-0,675558014;6,399473583
0,345038517;-4,726149767
0,069245845;-0,647808265
-0,616946387;3,882292858
-0,089946209;5,882906676
0,72674486;-10,38783524
0,110574674;-0,65517303
0,469019866;-5,050121809
-0,066644197;0,638049468
-0,823466079;12,23865488
-0,598230824;8,645943935
0,761291818;-11,81142961
-1,64899719;16,40783539
0,835020302;-5,207940277
-0,273910941;7,309054219
-0,29788751;2,019288208
-1,352616461;2,398139454
-0,018391498;-3,371576257
1,091457685;-10,51955924
-0,175544437;6,041751664
-1,543067669;10,64058659
1,712188903;-12,98001986
-2,106690703;21,61226344
-1,170613843;12,39117199
-1,679409182;14,82373688
0,138856128;-7,829674384
-0,832235919;10,30485014
-0,004409098;-0,30214201
1,261275494;-13,65037625
0,891205769;-16,92879621
1,919631212;-14,42186445
-0,751515912;10,52995885
1,203924732;-7,81939457
0,683963186;-2,598424597
-0,169175522;-0,460212738
1,167930616;-10,87996768
-0,157537442;5,121947816
0,602173852;-4,272105546
1,147405609;-3,457664818
-0,030798723;4,844080346
-0,302291168;1,055608332
0,549525228;-4,981032589
0,357934539;-3,617093587
0,016046669;-4,131340012
0,292626868;-3,514832208
0,050739322;1,929197112
-0,089042115;0,746260553
0,034064597;5,720952212
0,00511828;-3,56755923
0,054603035;4,957962337
0,493179115;-0,958332782
-0,169134525;0,694157067
0,177610544;-2,78455081
0,503415417;-5,161834366
0,267087133;-2,219198715
-0,133974999;-3,000445302
0,261299412;-1,505043478
-0,273472281;9,904656618
-0,704184817;6,015642117
0,617510861;-9,732480982
0,356861526;-2,786269993
-0,135163004;-0,989390995
0,147477302;-4,063208945
-0,747208029;17,80006985
-0,042691063;7,692199902
-1,667517927;18,80280873
0,433637534;8,008566766
-1,653552422;4,835289595
-0,655184462;-3,205744384
-0,871431848;14,32123713
1,99590151;-19,28893994
2,354231605;-14,56064954
0,43705796;-1,946728426
0,361416418;-7,842216642
0,155578029;-3,019985518
-0,032836464;-2,973201358
0,311505168;0,875841644
0,06723446;3,764604004
-0,508965113;5,528642514
-1,055344233;18,70866178
-0,052907982;-7,652130613
-1,863627191;11,28401614
-0,912231327;5,824872113
1,137367738;-8,984499443
1,75411101;-12,70691711
-0,862838059;3,100495362
-0,831567536;11,02281404
-0,277094413;4,757029281
-0,601908702;4,352734479
-0,947996164;4,124458341
1,314583475;-6,672322475
0,135969406;-5,216918441
0,453140645;-5,39516616
1,496525453;-13,9479112
-0,569571472;1,548176901
0,237610979;-7,112865488
-1,366734622;10,36943933
-1,377656142;17,11748404
0,930045872;-8,601440358
-1,326615756;11,11183207
1,269011189;-7,652206674
1,41471798;-11,46266926
-0,435376474;5,585242522
1,004975239;-8,443593795
-0,361308613;2,553016783
-0,4445298;7,009384471
1,042992129;-7,406521751
-0,021809264;-1,604201204
0,940923655;-10,06413084
0,387740091;-4,354433865
0,140724143;7,259541695
-0,050341694;-2,264846959
-0,12516804;-1,06575163
0,591878445;-6,718701558
-0,049244378;1,77709726
0,256591387;-6,185993637
-0,095507537;1,064977799
-0,166617697;0,479752285
-0,314974137;-4,208849835
0,591717995;-2,299301689
-0,473793138;6,073790436
-0,458721966;2,609788544
0,100630693;-1,36895464
-1,446441465;7,913749635
0,374760399;-0,950073838
-1,729587963;10,25200423
-0,210857914;1,047962534
1,233364381;-9,01191206
-0,628229561;3,66758212
1,325385056;-2,492452061
-0,351475609;0,295042314
1,189604321;-11,44450502
-0,507354733;0,688516496
0,87833237;-7,780576725
-0,193631514;2,926652761
-0,634740419;1,529107053
-1,485498488;12,5174711
-0,256938942;2,280086254
0,217670269;-4,755146029
1,197332388;-3,811547864
-0,902374433;5,211342014
-0,416231304;-1,208977656
0,33343941;-2,979971703
0,639801409;0,451276171
-0,225309111;0,246249586
0,248988302;-5,589471161
0,425851778;-6,602668978
0,500031849;-3,998786155
-0,478086527;10,24066212
0,143937371;-1,98062875
0,494593065;-6,288588537
-0,096780539;-1,91160172
-1,156476234;9,722480991
0,900368982;-4,365265444
-0,16707608;-0,40140157
0,488552448;-4,185600013
0,216588255;-1,850925516
0,206120803;-1,558897226
-0,433897142;6,510432704
0,257634606;-5,58827172
-0,393640651;7,575802759
-1,036961152;8,283530101
1,067471799;-13,62365331
0,274737463;1,149428498
-1,209706165;10,73672493
-0,465473977;5,679440549
0,35776522;-0,156853706
1,317908972;-16,28053419
-0,529161511;7,391598092
-0,31430549;0,047422823
-0,049405986;-0,748869416
1,053254622;-7,726671526
0,057906001;-2,891191579
0,285425418;2,763161241
-0,083264001;0,913486587
-0,112000766;0,208437643
0,214608715;-6,189169601
-0,242544322;0,140263249
-1,052426361;14,74046305
0,893186036;-5,807557094
-0,145662216;0,276225116
-0,652757339;3,879978488
0,186828464;0,910169018
-0,119816321;1,889519981
0,19275707;-4,183058474
-0,884962043;7,380814757
-0,162627378;-3,48291254
-0,668461885;7,300554493
0,022920706;-5,53690122
1,17814334;-9,059423912
0,154805821;-2,863455598
-0,720793309;6,962692134
-0,482234768;11,02521494
0,548467188;-3,866285247
0,17886258;-2,140151175
0,96649417;-9,49372156
-0,550667367;5,64895977
0,588730982;-9,169698009
0,044660775;-5,096262548
-0,756952413;9,047289429
-0,316706234;5,477184269
-0,057921448;0,046598836
-2,127602762;29,57804994
0,246590351;-3,36918581
0,672303827;-12,51181606
-0,049712882;4,233803674
-0,405829087;1,277034286
0,58735021;-5,58509783
-1,698202326;20,01406208
0,207058927;1,539744973
1,207392766;-17,13156221
1,081621033;-19,1521701
0,425421456;-3,912298192
-0,092431481;-1,077394589
0,779367515;-8,870295346
0,091651342;-1,354781209
0,058187785;2,454712571
-0,445985451;-0,269951615
-0,257962364;-0,8464506
-0,588126864;4,176187518
-1,095007913;8,319736518
-0,598081313;12,67120946
1,212101517;-14,92831121
0,710308432;-7,275422369
-0,016069127;-3,029445425
-0,246316227;-0,107227522
-0,294975246;3,54126475
-0,244129774;3,418466352
0,292077998;-3,866856588
-0,797225421;9,571645536
-0,306808166;-2,823168594
1,253777754;-9,08637429
-0,979212346;11,3986011
0,076054546;-0,756820981
-0,146508418;-0,910367934
0,371527361;-5,041002449
0,500883311;1,445292525
-0,281804111;5,720952212
-0,84781951;10,03882783
-2,151501891;22,69532978
-3,255830055;38,12475342
-4,040050292;37,36875261
-1,38033084;-12,3383653
3,810224131;-17,25143119
2,381819585;-15,01197793
0,041949276;-0,216511742
-0,861613689;8,717966295
-3,02117082;9,911543435
1,793861259;-18,55033267
0,097505751;-1,881669279
-1,563736709;8,180551257
2,458457852;-11,04157142
-1,418409414;5,178845751
0,507501701;-7,379841811
0,428794813;-4,94481198
-0,428709989;4,401676271
1,256062944;-7,337259731
0,84786824;-5,44873462
-0,275340316;-1,013233944
-1,648528945;5,22749939
0,43663339;-10,12291552
-1,258398872;10,78897547
-0,223980242;-1,415854924
-0,355771055;5,854132548
-0,065496002;0,612335295
-2,619026944;15,65607167
0,104303533;-2,962897121
1,870683992;-9,109507979
0,178288025;-8,318562885
1,402473455;-7,432130131
1,793553535;-6,944508831
-0,378374784;-0,743816462
0,781446137;-5,316993435
0,859072188;-5,497922609
0,053579016;-1,995831596
0,10856059;-5,499804767
-0,703788236;8,846307984
-0,491648926;1,992127345
1,455449286;-11,65758383
0,437100294;-6,457832898
0,00814506;-0,490954601
-0,161115917;4,987685428
-0,603150778;5,832088113
1,63017889;-14,49618976
1,078089526;0,044426927
-0,210399109;5,556527031
-0,274644427;0,886711353
1,158143002;-7,420595744
-0,063893403;1,910345102
-0,501054027;3,075225398
1,161481819;-6,323892145
0,253529438;2,694131512
-0,374072515;6,433397218
-0,132184821;-3,035451889
-0,053674047;-4,927028226
-1,006034907;14,19689934
0,132039692;-7,762028105
-0,34223659;4,888509341
-1,427822162;13,41397745
-1,145969904;8,875780826
1,46042442;-10,07504546
-0,152933545;3,651336307
1,584417158;-11,18791453
-0,131279881;0,802674599
0,361389702;-9,3969804
-0,142468228;0,940194693
0,103219166;1,940444661
-0,031819934;-4,781434021
0,040438302;-0,486647876
-0,484085842;6,441492649
1,043488066;-9,512377089
-1,124565105;8,089571729
-1,466688508;12,92689519
2,012879783;-20,14092317
-0,720310237;6,698822521
-0,670011083;10,51129828
-0,795814491;10,78932563
0,205979798;-1,411173408
-1,980292602;23,17501483
0,455522949;-7,073506626
1,037352179;-8,179447666
1,422157713;-15,98225956
-1,534383472;5,846497622
-1,814655353;8,861007512
0,7559248;-10,18577041
0,858903751;-11,93684149
1,215253792;-6,430424242
-0,178897392;1,061172424
-0,236999477;7,145238702
1,038460554;-5,057643206
-0,743245722;7,230456088
-0,964554347;5,159494839
-1,561110012;12,79153769
0,182114583;-6,820579146
-1,339122135;6,238249811
-2,417487498;19,34226909
-1,108659612;7,748389006
0,066385005;-10,59783915
0,758345581;-7,85428004
-2,547143382;11,52087163
1,636900275;-5,191645818
-2,202483125;12,0361434
0,034262176;-3,680713562
-1,195182446;5,718812552
0,499293011;-3,341192025
1,989166836;-17,81577401
-1,595060342;7,765805356
1,385617949;-7,101660379
-1,111198089;2,650262545
0,532429219;-3,055958281
2,426959263;-10,45182966
-0,06323931;-1,119841359
-1,911002737;9,515364285
0,479056159;-1,537502743
0,133650993;0,849016353
-1,884321653;6,78902295
-1,444411667;10,59680918
-0,085289883;2,030899566
-0,037802679;-0,97119227
-1,25665056;6,775580647
1,914095665;-10,2690375
1,619267944;-5,236997326
1,615705207;-7,783930295
-0,486569043;-3,073908875
-0,021509184;-5,290366093
1,416167282;-5,789325778
-1,272163576;7,90805152
0,424090145;-1,271776674
1,109530812;-8,113509145
-0,206092359;3,572746675
-0,834318985;3,642654915
2,339932742;-14,95437291
0,389689113;-3,531873185
0,330357577;-2,333225072
0,311138152;0,928769968
0,06955646;2,840096161
-1,149281449;7,307791826
0,485061435;-1,808102363
-0,00332659;-1,618637035
1,60734871;-9,003278137
-0,145082667;2,488844037
-0,20276894;-0,498687826
0,539566945;-11,66212296
0,638452458;-3,762871155
0,420690867;-2,976478476
0,07960337;-1,67887227
-0,106683141;2,6935829
-0,659556802;5,26675931
-0,056720044;-1,372482584
0,035604874;3,31111306
0,858895365;-9,805426482
0,415182136;-1,924006873
-0,223090082;2,810769285
0,612190061;-6,311481096
-0,340253824;7,473246896
-1,038535691;8,782560317
1,026373942;-9,044757512
-1,223713244;13,68261943
0,259364446;-5,101985827
-0,293260464;5,66938435
0,942669571;-9,095577177
0,980101125;-7,068444796
-0,00161462;-0,895586079
-0,117382809;-0,756285448
0,633066746;-2,027044878
0,28906795;-0,852136724
0,057219637;0,276906064
-0,539662135;4,897283132
-0,014119969;-5,399620674
-0,200274802;6,277698341
0,168194169;-0,88067863
0,14589356;-1,395131749
-0,946269413;9,987050679
-0,526500778;3,080282702
0,759054835;-6,742222207
-0,890355808;6,053735817
-0,614364114;2,819034011
-0,042809494;-0,900847782
0,298055224;-7,798826195
0,056415447;-1,049002599
1,22173072;-6,69389074
-0,979658148;7,464621158
-0,035853793;-1,949211307
-0,870349256;4,254337561
0,955991808;-2,447482824
-0,96449219;5,861242976
0,001609928;2,386531048
-0,390265304;2,329754485
0,581240065;-7,195601203
-0,227669486;3,973200159
1,339957933;-9,290636338
0,676147099;-3,697482462
-0,039952429;-3,46453625
0,408863654;-2,360075992
-0,119482733;7,815217476
0,094534024;0,045694054
0,263163791;-4,12162518
-0,310512069;-1,205578819
0,469626995;1,302699831
0,109955734;2,863534125
0,311504336;0,188542205
-0,190829416;3,87546249
-0,940659079;15,0971512
-0,833735685;20,78687109
-0,198956387;-2,291544398
-0,203146732;-1,796458141
0,293903457;-3,922984149
-0,345234232;0,181533524
0,56023242;-5,531697642
0,251933201;0,572257965
-0,184198735;13,5648486
1,308650855;-20,50204746
-3,676985116;40,07632249
-1,845130489;-7,72862168
1,742506329;-24,08379978
1,670018468;-11,963191
1,328480429;-6,286476376
0,175764798;-5,684158079
-0,706008725;5,3142411
0,514962832;-4,08556008
-0,106101626;-1,370668627
1,494912814;-11,19515225
0,321376099;2,518390499
0,679578412;0,049074694
-0,005429979;-3,861252373
0,50563642;-1,726263791
-0,11184376;-1,201699006
0,219040369;-1,856743992
-0,162526326;-3,876110064
0,407215024;-1,70971312
-0,380812845;7,894519597
0,435456816;-5,842225394
-0,320507725;6,80795596
0,013367411;1,364157926
-0,13883196;-1,724948804
0,141586226;-0,885815362
0,144092166;-6,940888219
-0,145965269;4,665534579
-0,657099943;7,18487709
0,293998439;-3,91392052
0,00234909;-3,50611752
0,837763877;-8,681983195
-0,109663544;0,936372501
0,020065925;1,356961265
-0,30578555;3,265294611
0,453435675;-3,143421544
-0,098542171;-1,144007333
0,259995763;2,201366034
-0,568320065;6,767222561
0,167778787;-3,649797813
0,200814334;-6,462199859
-0,16303683;-0,815271241
-0,075254004;7,857342752
0,17608084;0,867747563
-0,544311372;8,264930589
-0,155521851;1,304660676
-0,176912284;0,121874302
0,502537011;-5,366376546
-0,214465001;1,356696154
-0,256774953;2,236081513
-0,023044394;0,421344104
0,400318315;-11,82160457
0,278818394;0,308580352
-0,033545421;-0,692535404
-0,24145465;4,638668361
-2,501680073;33,54250236
1,438132858;-14,37880336
-1,513080646;16,30955951
-0,077690783;1,586834843
0,986945791;-10,7201876
-0,396848639;-5,899502181
-0,02076617;1,010854671
0,011003525;2,455501036
1,066894171;-18,00596781
0,628969374;-10,1439639
-0,594235174;2,196646157
-0,88139082;16,51151929
0,623443674;-10,17839521
0,509351792;-5,597006747
-0,955418599;12,33476531
0,774733428;-5,372054178
-0,345508191;2,060206822
-0,515694025;0,416423896
0,409842769;-4,834094793
0,029238585;-1,186206532
-0,34478462;4,839427432
0,440627194;-0,769358368
-1,27136363;13,77581401
0,095687416;3,493358173
-0,329313493;4,761442234
0,001252543;-3,499653138
-0,323167632;0,531994204
0,595244733;-5,933102322
0,200051353;-5,886990663
-0,156572948;-4,71311188
-0,027320367;-3,051931653
0,454953621;-2,452793661
-0,399401589;3,298815454
-0,193098613;5,608504887
-0,318025454;7,546428884
-0,330219859;5,237956884
-0,031134243;5,209512109
-0,699907724;8,402465713
-0,673594322;3,988462241
-0,462227131;13,32838597
-0,185657848;1,903990061
2,179114134;-18,5149101
0,357581993;0,135465707
1,082706137;-26,50694574
0,175978696;2,447900157
-0,158798664;-3,968536596
-0,030456789;2,139380035
0,726389686;-8,000252874
-0,177257533;2,559369828
0,447641103;-2,758577035
-0,257870987;-3,842010641
0,724464396;-3,428326774
0,197403232;-0,105301019
0,061864004;0,136277341
0,37176872;-0,751441995
-0,545744771;6,332820725
0,114534374;-1,944198016
-0,284598875;3,254228992
-0,371078164;5,378020404
0,020786927;0,329982804
0,56153686;-15,13339793
0,32160258;-2,950160398
1,288830068;3,557470629
0,196795625;3,354490208
0,573236015;-7,326068103
-0,132714056;7,276561523
0,632942487;0,606163629
-0,833935416;3,603587592
0,368664926;-3,104288404
-0,194121521;-4,747519675
0,178411431;-4,124030703
0,34418542;-2,270098051
-0,26494441;-1,609293485
-0,205376979;1,384961685
0,106187405;0,062697524
0,205679058;4,670945019
-0,858069917;7,677528621
-0,048240612;3,167007007
-0,483689329;4,864947458
0,826170832;-8,881412016
0,551690539;-8,126347666
-0,096002603;-1,555395418
0,332173054;-3,069790642
-0,374396385;2,073225757
-0,018905843;-0,632130428
0,263658395;-2,046800205
-0,233617085;2,431510547
0,165907333;-2,747802523
-0,316097289;5,517790697
0,157314204;4,986562142
-0,380489642;2,350655311
0,317152599;-10,23097208
-0,288280833;1,948712729
0,635408202;-6,156270745
0,780499444;-2,401464797
-0,092471313;-1,70389722
-0,105589826;-0,496229882
-0,62167319;11,56433546
-0,107935997;0,89691222
0,010926071;-1,537387173
0,038108848;0,9862073
0,704943833;-8,413949472
-0,230665582;3,556650058
0,00377448;-0,73084625
0,050402383;1,382481894
0,554700517;-5,131102147
0,337064862;-0,300869434
0,5043075;1,982613383
0,381026871;-3,051119054
0,479083029;10,81808976
-0,105354991;-1,794711
0,148809072;-2,347438351
0,584079171;0,669091644
-0,127184481;1,433874029
0,022984086;-0,280616969
0,130319167;-2,095577937
0,082840679;5,239620059
-0,277076437;6,615030083
1,33921525;-3,010049605
-0,606617538;-6,02244379
0,031469181;-7,494188159
-0,347168095;2,497903005
-0,310668433;1,826335263
-0,247588677;3,493413067
0,06105173;3,618033591
0,30742815;-5,368261436
0,017750717;-2,71939699
-0,357380761;8,013398555
0,815082086;-5,625882875
-0,181709325;-3,702926235
-0,150423778;0,597747609
-0,220097439;0,505751933
-1,267465295;9,474192849
0,169904414;2,665282332
-0,124989048;2,366413471
-0,103341087;-1,251762549
-0,120916577;-3,638657952
0,70362502;-8,102384293
0,0895678;-0,983366295
0,274175257;1,020552395
-0,244665242;6,920739242
-0,183253382;0,056054795
0,037030755;-4,907808561
-0,324859527;8,89525695
0,173859184;-3,980965421
-0,101653082;3,776179307
0,049839168;8,747584127
-0,16239668;6,983608396
-0,395609557;4,515585544
-0,702707895;1,172865815
0,838740743;-8,521042846
-0,309666155;-1,67540975
-0,19068836;3,450894679
0,733979192;-5,390552036
-0,322874676;3,311205804
1,059267818;-30,00787519
0,588315575;-0,765497418
-0,06748798;0,808199235
0,036370884;-4,646037606
-0,210403817;4,319650369
0,154173341;-6,811877329
0,099928526;4,613759368
-0,14612278;0,821514102
0,039287497;-2,10619078
0,389130075;1,021380835
-0,015161306;-7,895086673
-0,121483301;1,901307264
0,094090431;2,454302768
-0,235421005;3,723883604
-0,166859375;-1,929572787
0,457608387;0,167369728
-0,087619127;2,158532293
-1,853452678;38,0822258
0,349098045;-6,175451951
0,655564445;-19,71357895
0,495780526;-9,697067059
0,16471266;-1,964767945
0,22969755;-6,777559289
0,424305329;-0,32460359
0,012144335;-1,842985198
-0,139440906;5,623107126
-0,064913294;0,263847199
0,735353725;-5,149026989
0,351181587;-1,450439353
-0,140746528;3,204588882
-0,297196729;3,679373878
0,137797059;-0,60057062
0,00781104;-2,263289586
-0,101939208;5,153776642
-0,116830093;6,837143692
0,431230038;-9,538320786
-0,118538549;2,064591469
-0,243116825;2,389477242
0,009454055;-4,91294444
0,812352494;-0,12113884
-0,690821903;4,592175936
-0,077187268;-1,042809283
-0,064494423;-2,568460858
0,137064019;-4,513311614
0,012669329;-1,229587142
-0,829464478;11,05527061
0,858044297;-9,800192702
-0,882627518;13,12878511
0,13429992;-2,323705112
0,211910969;0,332389947
0,126316548;-1,370668627
-0,960204571;12,44372556
0,619365429;-11,41505458
0,073827767;-0,742245157
-0,097204577;-2,024819961
0,708999264;-5,594857461
0,168377099;-3,9856671
0,447355798;-4,043841348
-0,024197269;3,182971291
0,040861992;0,685549037
0,51691999;-1,041022199
-0,034272954;-2,193139746
-0,055699772;-2,347983439
-0,125335945;0,720327326
0,272984921;-0,02475329
0,009356545;1,761946893
-0,116221997;5,151440166
-0,153107402;1,739998391
-0,091746934;-0,3167243
0,225706241;-1,695553828
0,030346869;1,840789276
-0,237510017;1,519678953
0,169826298;-4,031151338
0,145678622;-1,026765682
-0,260641057;9,844427056
-0,055273309;1,334578923
-1,4769277;36,69925282
0,108569852;-3,384822049
0,980459301;-22,96971929
-0,068799097;-2,40484102
0,123003709;-2,548015838
-1,574640065;28,08112913
-0,202611212;-8,684975654
0,097291713;-7,824698116
0,9702637;-15,04887557
-0,364862869;7,606066016
-0,226567503;-0,188152019
0,148241319;-8,110823653
0,029789487;0,32922938
0,06534085;3,277023613
0,441547333;-4,213847461
0,551561497;-5,803527338
0,179151982;-4,465637425
-0,776851691;18,81430985
0,29347839;-5,055151607
-0,036751031;-0,715006246
-0,167901857;4,792401077
1,059191645;-12,20609569
0,316924414;-1,432566311
0,056777593;-0,783770217
-0,129038228;-0,597820761
0,1656419;-2,644990529
0,126580361;-0,221603747
0,092052112;0,270377273
0,044508831;-4,033305998
-0,323962415;-1,155870748
0,045852554;-0,855495347
-0,241358129;6,239921038
-0,011689422;-0,417295502
0,38877639;-3,018988952
0,101483238;-3,320623185
0,350920431;-0,444481084
0,367746049;-0,657666795
0,196745278;0,608160215
0,105688519;1,229181635
0,544184555;-4,701482234
-0,126326951;4,859444608
-0,199512244;6,784683488
0,213066155;-2,474655339
0,161282424;-2,332934036
-0,187723532;0,582536026
0,068866348;-3,098765826
0,156016422;3,049259246
0,048329414;3,932241679
0,055300134;-2,38011242
0,013888573;-0,223560513
0,491473764;-0,823958343
-0,416945395;10,44106298
0,14275427;0,784967733
-0,486301433;0,60052789
0,108108082;0,596642407
0,785155154;-14,26678729
-0,338663572;6,874533859
0,075495464;-3,119777894
0,140178542;0,171517627
8,90E-05;-2,707477513
0,29032308;-8,314762549
0,108138548;2,780177091
-0,037817915;5,056692346
0,125355541;-1,143219449
-0,395803992;7,078824022
-0,108710527;7,22945881
0,079409245;1,818212431
-0,250133911;0,754808908
-0,573005717;12,45094981
0,797359459;-11,04432787
-0,281847544;-2,870999756
0,108581149;-7,092911855
0,633078017;-9,059352886
-0,093960107;1,505108266
0,186492594;-2,173173519
-0,057339002;2,022401108
0,961127369;1,583321563
-0,055835243;6,441560659
0,796852832;5,25399717
-0,221564121;1,296269884
-0,124176925;2,138896669
-0,393544894;-3,067143526
-0,030317029;-2,798980422
0,273900822;-8,150089447
0,530214378;-5,902838307
0,30077836;-2,561887264
0,135866522;5,999913616
-0,066212711;2,562455693
-0,42682262;2,974987839
0,874525504;-10,78348667
0,515941995;1,136209618
-0,342455632;5,088835141
-0,101729462;-3,16425164
0,179462845;-1,058888669
-0,06473299;2,844295956
-0,124803417;3,449541554
0,060156981;2,09887864
0,164326062;-2,833654666
-0,538569086;8,085249683
0,808002009;-12,24561077
0,618937481;-6,581011967
0,383148419;0,737362538
0,682008742;-0,02475329
0,147190548;3,177227833
0,111302504;5,691088094
-0,130190439;-2,637967318
0,681996765;0,584385649
0,653786774;2,769839749
-0,371977156;13,74582059
0,918194787;2,096666954
-0,180675618;2,544803748
0,418658972;-8,117715859
0,784530599;-2,177302769
0,19829465;0,607874215
-0,074919107;3,254228992
0,041338099;0,92970081
1,158257961;-4,438532373
-0,694379476;22,2173736
-1,114770101;6,614079363
0,029980744;-8,855054214
-0,083735709;-0,543080996
-2,162573871;25,05717881
-4,203159959;76,79975317
1,710151523;-21,92464162
-0,520319685;-7,826316595
-3,844811064;18,75882731
1,463658683;-14,12355748
1,362960718;-12,66272174
0,24204634;-2,555540792
1,31243816;-25,98921908
1,180780321;-0,702020809
0,018434139;1,685576129
-0,604757556;5,668251752
-0,570072305;-2,880683481
0,078401912;-6,738688916
1,571221985;-12,7085814
1,149938025;-4,299172944
-1,297737011;16,23663288
-1,134686445;6,53326725
-1,360302419;12,37295017
0,486972701;-13,74093426
1,078255903;-4,51402484
0,244632458;-2,01996097
-0,067305013;-3,347323499
0,426408982;-7,141452041
1,704048807;-12,22717744
-0,146385547;7,473827398
-0,657296887;3,523704903
-0,593002857;5,21766203
-0,097129471;-3,809947924
0,151293965;-4,903769707
-1,449509901;18,52335842
0,129165003;-4,431694099
-0,203475028;-1,910555049
-2,567394569;26,73574625
-2,13788655;6,324613827
2,660598225;-16,79597937
-1,761634421;6,731773904
-0,310997726;1,606320965
1,348671899;-13,58424873
-2,277974063;16,76152229
1,234690275;-11,30683455
1,131104383;-5,07928407
0,665036316;-5,769912503
-2,235312542;12,60640372
0,314193638;1,269763169
1,639954054;-6,182005733
-0,572974429;-1,15470393
0,802784033;-9,067833192
-0,307985811;-6,043282452
0,788727835;-5,030219811
1,04160133;-8,265811842
0,064196198;2,24438783
-0,593164031;2,256714487
-0,876223553;5,5796305
-0,01328285;-3,276087339
-1,365994626;9,761862985
0,164631552;-1,028665793
1,019108573;-9,421332532
0,092394695;-5,27082183
-0,841025088;3,293994169
0,235674374;-2,825700239
-0,742100965;3,02697749
-0,244527624;-0,46403859
1,254075182;-7,396854558
0,326292215;-0,160254666
-0,045473507;-0,296308107
0,944658943;-9,202893597
0,913795306;-1,450668632
0,151708108;-4,507729585
0,069404104;2,164544471
-0,705471361;12,32764893
0,38632815;-8,657561639
-0,104529717;0,049734609
-0,282472365;-0,099241189
0,717054609;-2,590931841
-0,332974726;1,039895549
0,30540869;-4,987011605
-0,221432128;-0,423001526
-0,254906162;5,335753262
-1,182063105;25,24107558
1,242681716;-13,05944763
-0,709239159;3,202395377
1,060174104;-13,68388751
0,428053647;-5,522320697
0,051328797;-2,729771043
0,834184227;-6,349656321
-0,090350225;4,098674775
0,293197044;0,386600643
0,087907868;1,361326789
0,155280897;-0,10575775
-0,422331303;4,72297377
0,227944194;-6,571384133
-0,12066787;-1,186592085
-0,231744957;2,692581461
-0,422057634;8,085691175
0,152163162;-4,310030216
-0,655478706;13,484636
0,167114481;-6,151272869
-1,40087816;22,96992581
0,201309236;-8,511045621
-0,883064483;11,75355028
0,597062167;-6,125609217
0,056905724;-4,640022869
0,287420249;-3,117457965
-0,514868763;3,378215373
0,839479805;-7,549993535
0,825645919;-11,32823402
0,859523253;-5,244664229
0,327819088;-0,419542591
-0,730854467;7,515932409
0,852193296;-8,041252734
0,088959727;-3,256052189
-0,121772307;5,174338345
0,377676584;-6,213952023
0,196912352;0,30637284
-0,41498853;6,144603611
-0,113795616;-0,10248357
0,164730379;-1,90863946
0,45804605;-1,70277908
0,887137663;-0,996420854
-0,32259612;-1,252767085
-0,677289306;7,050107261
-0,59598475;8,995649095
0,468377864;-10,59197693
-0,122995163;2,43880471
0,472529141;-7,605334803
0,444437365;-4,641603409
0,334292398;-3,255064715
0,263114337;-3,088055876
-0,045147283;-0,75937551
-0,163177309;3,773171516
-0,732837076;15,47900649
-0,420309587;11,58454567
0,617987148;-10,5006816
-0,78202671;9,499434323
0,769915604;-8,502593539
0,312854815;-6,236025023
0,223601646;-1,218559748
0,187734148;2,894586177
-0,058728963;-4,884331472
-0,188175239;1,272912933
0,599064752;-3,467716308
0,745208304;1,38313746
0,008018389;2,732923487
0,549618385;-2,045024022
-0,462923039;9,913597229
-0,005458987;-5,103525627
-0,184475054;2,281267419
-0,299612122;5,517854714
-0,384804953;5,158479663
-0,240485626;1,533016104
0,170696972;-4,984447404
0,354380734;-6,893778674
0,016754981;-0,631735427
0,507929381;-6,063435955
0,008638518;-2,47986842
-0,57743492;12,49643442
0,516559452;-6,75188295
0,10634294;-8,50579079
0,762095581;0,399875798
-0,055765933;-1,046908697
-0,371094085;4,331044144
-0,149500672;1,762459187
-0,348375815;3,689620755
0,257041769;-3,819675063
-0,019592874;-2,389315148
0,344543411;-1,019786375
-0,058582726;0,391047725
0,052220826;-3,744539713
-0,839209408;20,25350958
-0,5732373;4,108066259
-0,058425289;5,679841398
-0,160796835;1,618772959
-3,360544738;36,40471658
-2,09766386;8,40744439
1,391717711;-15,91466384
-0,611154081;-0,071690632
2,107876967;-18,99198814
-0,044175272;-1,281200394
-1,468554914;14,20099936
-0,055029357;-0,875822299
-0,449785535;-1,289632348
-0,571613483;5,280084221
-3,153983202;19,71696026
1,826465928;-4,110259872
-1,766819646;-0,272785667
-0,677026657;2,185737815
1,535626461;-5,645383291
1,060382017;-9,54292413
1,031344045;-9,348731859
-0,652577927;0,850413171
0,539563526;2,255553325
0,60507291;-0,275563561
2,079802034;-19,66302587
-0,270112762;2,151862265
-0,943064422;3,731568609
-2,008720939;16,35666317
-0,167207723;-2,14986904
-0,778524743;5,937758858
1,034897429;-6,187265505
0,203177934;-9,685991656
-1,697222001;10,23528926
-1,850705365;11,16586771
0,284961085;-7,79206193
-0,676547813;3,378226376
1,522391719;-13,00683461
0,306732604;0,608160215
2,25249928;-2,850854462
-0,237455289;1,584728835
0,794848927;-3,931929494
1,069294325;-9,478318705
-3,308928705;23,20992194
-0,171244656;2,121768377
-2,378539387;9,166759441
0,157154495;-2,597387052
-0,054546833;-3,989232008
0,521581256;-1,413026428
-0,038900863;-3,87229041
-1,946027074;4,611834143
-2,118134335;12,51603844
-0,010266146;4,207415218
-1,570451754;-0,02475329
-1,608686789;10,36263074
-2,099217906;5,892520631
-2,767563109;18,03565863
4,821411902;-17,09375261
0,833717056;-1,515590932
-0,143141239;-5,583642391
0,826756766;-10,89855014
